{
  "total_pdfs": 2183,
  "total_chunks": 6549,
  "vector_storage_gb": 0.018736839294433594,
  "total_storage_gb": 0.6655532455444337,
  "recommended_ram_gb": 0.02248420715332031
}